Country,Population 2026,Land Area (Km²),Density (P/Km²)
Afghanistan,"45,047,069","652,860",69
Albania,"2,751,025","27,400",100
Algeria,"48,028,334","2,381,740",20
Andorra,"83,753",470,178
Angola,"40,215,179","1,246,700",32
Antigua and Barbuda,"94,626",440,215
Argentina,"46,003,734","2,736,690",17
Armenia,"2,930,915","28,470",103
Australia,"27,227,096","7,682,300",4
Austria,"9,107,266","82,409",111
Azerbaijan,"10,454,855","82,658",126
Bahamas,"404,628","10,010",40
Bahrain,"1,675,572",760,"2,205"
Bangladesh,"177,818,044","130,170","1,366"
Barbados,"282,724",430,657
Belarus,"8,937,018","202,910",44
Belgium,"11,774,642","30,280",389
Belize,"428,644","22,810",19
Benin,"15,170,419","112,760",135
Bhutan,"802,214","38,117",21
Bolivia,"12,749,291","1,083,300",12
Bosnia and Herzegovina,"3,114,242","51,000",61
Botswana,"2,603,388","566,730",5
Brazil,"213,562,666","8,358,140",26
Brunei,"469,775","5,270",89
Bulgaria,"6,667,659","108,560",61
Burkina Faso,"24,601,700","273,600",90
Burundi,"14,729,157","25,680",574
Cabo Verde,"529,630","4,030",131
Cambodia,"18,051,219","176,520",102
Cameroon,"30,640,817","472,710",65
Canada,"40,467,728","9,093,510",4
Central African Republic,"5,698,984","622,980",9
Chad,"21,560,380","1,259,200",17
Chile,"19,945,850","743,532",27
China,"1,412,914,089","9,388,211",150
Colombia,"53,936,226","1,109,500",49
Comoros,"899,010","1,861",483
Congo (Congo-Brazzaville),"6,637,785","341,500",19
Costa Rica,"5,174,789","51,060",101
Côte d'Ivoire,"33,494,346","318,000",105
Croatia,"3,822,345","55,960",68
Cuba,"10,892,659","106,440",102
Cyprus,"1,382,334","9,240",150
Czechia (Czech Republic),"10,527,781","77,240",136
Democratic Republic of the Congo,"116,452,162","2,267,050",51
Denmark,"6,023,520","42,430",142
Djibouti,"1,199,459","23,180",52
Dominica,"65,511",750,87
Dominican Republic,"11,609,500","48,320",240
Ecuador,"18,444,506","248,360",74
Egypt,"120,101,175","995,450",121
El Salvador,"6,391,253","20,720",308
Equatorial Guinea,"1,984,468","28,050",71
Eritrea,"3,682,669","101,000",36
Estonia,"1,331,062","42,390",31
"Eswatini (fmr. """"Swaziland"""")","1,269,859","17,200",74
Ethiopia,"138,902,185","1,000,000",139
Fiji,"937,282","18,270",51
Finland,"5,621,739","303,890",18
France,"66,746,401","547,557",122
Gabon,"2,647,399","257,670",10
Gambia,"2,884,079","10,120",285
Georgia,"3,804,642","69,490",55
Germany,"83,644,258","348,560",240
Ghana,"35,697,557","227,540",157
Greece,"9,897,115","128,900",77
Grenada,"117,362",340,345
Guatemala,"18,967,978","107,160",177
Guinea,"15,441,993","245,720",63
Guinea-Bissau,"2,297,808","28,120",82
Guyana,"840,890","196,850",4
Haiti,"12,037,506","27,560",437
Holy See,506,0,"1,265"
Honduras,"11,184,760","111,890",100
Hungary,"9,585,818","90,530",106
Iceland,"402,329","100,250",4
India,"1,476,625,576","2,973,190",497
Indonesia,"287,886,782","1,811,570",159
Iran,"93,168,497","1,628,550",57
Iraq,"48,007,437","434,320",111
Ireland,"5,356,950","68,890",78
Israel,"9,647,689","21,640",446
Italy,"58,926,166","294,140",200
Jamaica,"2,833,403","10,830",262
Japan,"122,427,731","364,555",336
Jordan,"11,589,532","88,780",131
Kazakhstan,"21,083,626","2,699,700",8
Kenya,"58,636,412","569,140",103
Kiribati,"138,445",810,171
Kuwait,"5,102,773","17,820",286
Kyrgyzstan,"7,400,465","191,800",39
Laos,"7,974,017","230,800",35
Latvia,"1,835,935","62,200",30
Lebanon,"5,897,467","10,230",576
Lesotho,"2,389,336","30,360",79
Liberia,"5,853,949","96,320",61
Libya,"7,539,851","1,759,540",4
Liechtenstein,"40,368",160,252
Lithuania,"2,797,338","62,674",45
Luxembourg,"687,448","2,590",265
Madagascar,"33,522,052","581,795",58
Malawi,"22,785,535","94,280",242
Malaysia,"36,385,115","328,550",111
Maldives,"531,517",300,"1,772"
Mali,"25,932,275","1,220,190",21
Malta,"549,011",320,"1,716"
Marshall Islands,"35,075",180,195
Mauritania,"5,461,319","1,030,700",5
Mauritius,"1,265,059","2,030",623
Mexico,"132,997,658","1,943,950",68
Micronesia,"114,183",700,163
Moldova,"2,961,253","32,850",90
Monaco,"38,087",1,"25,562"
Mongolia,"3,556,798","1,553,560",2
Montenegro,"626,233","13,450",47
Morocco,"38,762,441","446,300",87
Mozambique,"36,639,851","786,380",47
Myanmar (formerly Burma),"55,184,819","653,290",84
Namibia,"3,153,246","823,290",4
Nauru,"12,101",20,605
Nepal,"29,629,410","143,350",207
Netherlands,"18,448,775","33,720",547
New Zealand,"5,287,479","263,310",20
Nicaragua,"7,097,329","120,340",59
Niger,"28,814,878","1,266,700",23
Nigeria,"242,431,832","910,770",266
North Korea,"26,633,691","120,410",221
North Macedonia,"1,804,063","25,220",72
Norway,"5,652,989","365,268",15
Oman,"5,671,458","309,500",18
Pakistan,"259,299,791","770,880",336
Palau,"17,614",460,38
Palestine State,"5,692,790","6,020",946
Panama,"4,625,718","74,340",62
Papua New Guinea,"10,947,848","452,860",24
Paraguay,"7,095,279","397,300",18
Peru,"34,922,148","1,280,000",27
Philippines,"117,724,471","298,170",395
Poland,"37,843,188","306,230",124
Portugal,"10,395,362","91,590",113
Qatar,"3,173,559","11,610",273
Romania,"18,800,605","230,170",82
Russia,"143,394,458","16,376,870",9
Rwanda,"14,889,693","24,670",604
Saint Kitts and Nevis,"46,992",260,181
Saint Lucia,"180,488",610,296
Saint Vincent and the Grenadines,"99,245",390,254
Samoa,"220,528","2,830",78
San Marino,"33,605",60,560
Sao Tome and Principe,"244,994",960,255
Saudi Arabia,"35,165,787","2,149,690",16
Senegal,"19,366,548","192,530",101
Serbia,"6,641,964","87,460",76
Seychelles,"134,959",460,293
Sierra Leone,"8,996,745","72,180",125
Singapore,"5,905,748",700,"8,437"
Slovakia,"5,451,342","48,088",113
Slovenia,"2,114,573","20,140",105
Solomon Islands,"858,288","27,990",31
Somalia,"20,305,907","627,340",32
South Africa,"65,453,084","1,213,090",54
South Korea,"51,600,388","97,230",531
South Sudan,"12,436,037","610,952",20
Spain,"47,850,793","498,800",96
Sri Lanka,"23,348,315","62,710",372
Sudan,"53,282,719","1,765,048",30
Suriname,"645,256","156,000",4
Sweden,"10,701,047","410,340",26
Switzerland,"9,007,798","39,516",228
Syria,"26,472,497","183,630",144
Tajikistan,"10,978,599","139,960",78
Tanzania,"72,563,780","885,800",82
Thailand,"71,559,614","510,890",140
Timor-Leste,"1,436,923","14,870",97
Togo,"9,930,918","54,390",183
Tonga,"103,291",720,143
Trinidad and Tobago,"1,513,268","5,130",295
Tunisia,"12,415,138","155,360",80
Turkey,"87,926,082","769,630",114
Turkmenistan,"7,736,632","469,930",16
Tuvalu,"9,362",30,312
Uganda,"52,761,469","199,810",264
Ukraine,"39,535,849","579,320",68
United Arab Emirates,"11,574,682","83,600",138
United Kingdom,"69,931,528","241,930",289
United States of America,"349,035,494","9,147,420",38
Uruguay,"3,382,537","175,020",19
Uzbekistan,"37,724,223","425,400",89
Vanuatu,"342,564","12,190",28
Venezuela,"28,633,711","882,050",32
Vietnam,"102,177,431","310,070",330
Yemen,"42,961,653","527,970",81
Zambia,"22,521,915","743,390",30
Zimbabwe,"17,273,580","386,850",45
